{"a": 0.01415914701937739, "k": 3.1345459806549556, "b": 5.417873553327715, "formula": "a * L^k + b"}