{"attack": 0.020552392683850215, "defense": 0.014928886632588918, "skill": 0.014348832121803769, "player_skill": 0.04927722771777665}